id,name,sector,sub_sector,palette,style,color_mood,typography_mood,key_components,key_patterns,audience,complexity,anti_patterns
1,SaaS Dashboard,saas,analytics,minimal-saas,Clean Minimal,cool-neutral,professional,data-table;tabs;badge;toast;toggle;pagination;progress-indicator;side-navigation;drawer;segmented-control;skeleton,dashboard;settings-page,product-managers;developers,high,playful-animations;excessive-gradients;large-hero-sections
2,SaaS Landing Page,saas,marketing,gradient-startup,Gradient Bold,vibrant-energetic,bold-modern,button;hero;pricing-table;social-proof;testimonial;feature-card;footer;navigation;carousel,homepage;pricing-page,marketers;founders,medium,data-dense-layouts;muted-colors;small-typography
3,SaaS Onboarding,saas,onboarding,minimal-saas,Clean Minimal,friendly-blue,clear-instructional,button;input;progress-indicator;avatar;toast;modal;stepper;otp-input;radio,form;authentication;empty-state,new-users,medium,overwhelming-options;complex-navigation;dense-text
4,AI Product,technology,ai-ml,ai-futuristic,Dark Futuristic,neon-dark,technical-sharp,code-block;command-palette;button;badge;toast;toggle;tabs;segmented-control;skeleton,dashboard;settings-page,developers;data-scientists,high,pastel-colors;rounded-friendly;playful-illustrations
5,AI Landing Page,technology,ai-marketing,ai-futuristic,Dark Futuristic,neon-dark,dramatic-modern,button;hero;feature-card;code-block;social-proof;footer;navigation;carousel,homepage,developers;founders,medium,corporate-conservative;muted-tones;stock-photography
6,Developer Tools,technology,devtools,ai-futuristic,Dark Futuristic,neon-dark,monospace-technical,code-block;command-palette;tabs;toast;badge;side-navigation;data-table;drawer;popover;segmented-control;toolbar;skeleton,dashboard;settings-page,developers,high,playful-animations;rounded-corners;pastel-colors
7,Fintech Dashboard,finance,banking,corporate,Corporate Conservative,navy-trustworthy,serif-traditional,data-table;tabs;badge;toast;pagination;progress-indicator;side-navigation;modal;drawer;segmented-control;skeleton,dashboard;settings-page;form,financial-analysts;advisors,high,neon-colors;playful-animations;dark-themes;experimental-layouts
8,Fintech Landing Page,finance,banking-marketing,corporate,Corporate Conservative,navy-trustworthy,serif-traditional,button;hero;pricing-table;social-proof;testimonial;feature-card;footer;navigation;carousel,homepage;pricing-page,investors;clients,medium,aggressive-gradients;experimental-typography;dark-themes
9,Insurance Platform,finance,insurance,corporate,Corporate Conservative,blue-stable,conservative-clear,input;select;data-table;modal;alert;breadcrumb;pagination;tabs;combobox;alert-dialog;stepper;segmented-control;otp-input;checkbox;radio,form;authentication;dashboard;settings-page,agents;customers,high,trendy-designs;dark-themes;playful-elements
10,Banking App,finance,mobile-banking,corporate,Corporate Conservative,navy-trustworthy,clean-professional,button;input;modal;toast;badge;avatar;tabs;toggle;alert-dialog;stepper;segmented-control;otp-input;checkbox;radio,dashboard;authentication;form;settings-page,retail-customers,high,experimental-layouts;neon-colors;dark-themes
11,E-commerce Store,ecommerce,retail,minimal-saas,Clean Minimal,warm-inviting,readable-neutral,button;feature-card;badge;toast;breadcrumb;pagination;data-table;modal;avatar;drawer;stepper;segmented-control;skeleton,homepage;form;settings-page,shoppers,medium,overly-minimal;data-dense-tables;developer-style
12,E-commerce Landing,ecommerce,retail-marketing,gradient-startup,Gradient Bold,vibrant-warm,bold-engaging,button;hero;feature-card;social-proof;testimonial;pricing-table;footer;carousel,homepage;pricing-page,shoppers,medium,dark-themes;monospace-fonts;technical-jargon
13,Fashion Brand,ecommerce,fashion,bold-lifestyle,Brutalist Bold,black-white-accent,uppercase-dramatic,button;hero;feature-card;navigation;footer;modal;avatar;carousel,homepage,fashion-conscious-consumers,medium,rounded-corners;pastel-colors;corporate-styling
14,Luxury Brand,ecommerce,luxury,apple-minimal,Apple Refined,muted-premium,elegant-refined,button;hero;navigation;footer;modal;feature-card;testimonial;carousel,homepage,affluent-consumers,medium,busy-layouts;bright-colors;playful-elements;discount-badges
15,Healthcare Portal,healthcare,patient-portal,minimal-saas,Clean Minimal,calming-blue,accessible-clear,input;select;data-table;modal;alert;breadcrumb;tabs;avatar;badge;stepper;segmented-control;otp-input;checkbox;skeleton,form;authentication;dashboard;settings-page,patients;providers,high,dark-themes;aggressive-colors;complex-animations
16,Telehealth App,healthcare,telemedicine,minimal-saas,Clean Minimal,calming-blue,warm-accessible,button;input;modal;avatar;badge;tabs;toast;toggle;stepper;segmented-control;otp-input;checkbox,authentication;dashboard;form;settings-page,patients;doctors,medium,neon-colors;dark-themes;experimental-typography
17,Medical Dashboard,healthcare,health-analytics,dashboard,Data Dense,clinical-blue,data-focused,data-table;tabs;badge;pagination;progress-indicator;side-navigation;tooltip;drawer;segmented-control;skeleton,dashboard;settings-page,clinicians;administrators,high,playful-animations;bright-gradients;casual-typography
18,Education Platform,education,lms,illustration,Friendly Illustrated,warm-playful,rounded-friendly,button;tabs;accordion;breadcrumb;progress-indicator;badge;avatar;toast;modal;segmented-control,dashboard;form;settings-page,students;teachers,medium,dark-themes;angular-designs;corporate-styling
19,Online Course Site,education,course-marketing,illustration,Friendly Illustrated,warm-playful,inviting-readable,button;hero;pricing-table;testimonial;social-proof;feature-card;footer;accordion;carousel,homepage;pricing-page,adult-learners,medium,brutalist-design;monospace-fonts;dark-themes
20,Kids Learning App,education,children,illustration,Friendly Illustrated,colorful-playful,large-rounded,button;avatar;progress-indicator;badge;toast;modal;tabs,dashboard;form;empty-state,children;parents,low,small-text;dark-themes;complex-navigation;angular-designs
21,Real Estate Listings,real-estate,property-search,minimal-saas,Clean Minimal,warm-professional,clear-readable,feature-card;pagination;breadcrumb;data-table;modal;select;input;badge;tabs;skeleton,homepage;form;dashboard,home-buyers;agents,medium,dark-themes;playful-animations;neon-colors
22,Real Estate Agency,real-estate,agency-marketing,apple-minimal,Apple Refined,premium-warm,elegant-professional,button;hero;feature-card;testimonial;social-proof;footer;navigation;modal;carousel,homepage,home-buyers,medium,busy-layouts;bright-neon;casual-typography
23,Restaurant Website,hospitality,dining,bold-lifestyle,Brutalist Bold,warm-appetizing,bold-expressive,button;hero;navigation;footer;feature-card;modal;accordion;carousel,homepage,diners,low,data-dense-tables;corporate-styling;small-text
24,Hotel Booking,hospitality,travel,apple-minimal,Apple Refined,luxurious-warm,refined-clear,button;input;select;feature-card;modal;breadcrumb;date-picker;pagination;tabs;carousel,form;homepage;dashboard,travelers,medium,dark-themes;aggressive-colors;brutalist-design
25,Travel Platform,hospitality,travel-marketplace,gradient-startup,Gradient Bold,adventurous-vibrant,bold-inviting,button;hero;feature-card;social-proof;input;select;date-picker;badge;tabs;pagination;carousel,homepage;form;dashboard,travelers,medium,corporate-conservative;muted-tones;monospace-fonts
26,Fitness App,health-wellness,fitness,gradient-startup,Gradient Bold,energetic-bold,dynamic-modern,button;progress-indicator;badge;avatar;toast;tabs;toggle;modal;segmented-control,dashboard;settings-page;form,fitness-enthusiasts,medium,corporate-conservative;muted-colors;serif-fonts
27,Wellness Brand,health-wellness,wellness-marketing,illustration,Friendly Illustrated,calming-natural,soft-approachable,button;hero;feature-card;testimonial;social-proof;footer;pricing-table;carousel,homepage;pricing-page,health-conscious-consumers,low,dark-themes;angular-designs;aggressive-colors
28,Mental Health App,health-wellness,mental-health,minimal-saas,Clean Minimal,calming-gentle,warm-accessible,button;input;toggle;modal;toast;avatar;tabs;progress-indicator;stepper;segmented-control;otp-input;checkbox,authentication;dashboard;settings-page;form,patients;therapists,medium,neon-colors;aggressive-animations;dark-themes;bright-reds
29,News Publication,media,news,minimal-corporate,Editorial Minimal,neutral-authoritative,serif-editorial,data-table;tabs;badge;breadcrumb;pagination;navigation;footer;feature-card;social-proof;skeleton,homepage;dashboard,general-readers,medium,playful-animations;bright-gradients;rounded-corners
30,Magazine Website,media,digital-magazine,bold-lifestyle,Brutalist Bold,bold-editorial,dramatic-uppercase,button;hero;feature-card;navigation;footer;modal;tabs;pagination,homepage,culture-enthusiasts,medium,corporate-styling;muted-colors;small-typography
31,Podcast Platform,media,podcasting,gradient-startup,Gradient Bold,creative-vibrant,modern-bold,button;avatar;tabs;badge;toast;progress-indicator;navigation;footer,homepage;dashboard,listeners;creators,medium,corporate-conservative;data-dense;serif-fonts
32,Video Streaming,media,streaming,ai-futuristic,Dark Futuristic,immersive-dark,clean-modern,button;feature-card;tabs;badge;avatar;modal;navigation;toast;progress-indicator;segmented-control;skeleton,homepage;dashboard;settings-page,viewers,medium,bright-themes;corporate-styling;serif-fonts
33,Social Media Platform,social,social-network,minimal-saas,Clean Minimal,neutral-friendly,clean-readable,button;avatar;badge;toast;modal;dropdown;tabs;input;file-upload;chip-input;stepper;segmented-control;otp-input;checkbox;skeleton,dashboard;settings-page;form;authentication,general-users,high,corporate-conservative;dark-themes;serif-fonts
34,Community Forum,social,community,illustration,Friendly Illustrated,warm-inclusive,readable-friendly,button;avatar;badge;tabs;breadcrumb;pagination;input;toast;dropdown;chip-input;segmented-control,dashboard;form;settings-page,community-members,medium,brutalist-design;dark-themes;corporate-styling
35,Dating App,social,dating,gradient-startup,Gradient Bold,romantic-vibrant,playful-modern,button;avatar;badge;modal;toast;tabs;input;toggle;stepper;segmented-control;otp-input,authentication;dashboard;settings-page,singles,medium,corporate-conservative;data-dense;serif-fonts
36,Gaming Platform,entertainment,gaming,ai-futuristic,Dark Futuristic,neon-immersive,bold-technical,button;badge;avatar;tabs;modal;toast;progress-indicator;navigation;data-table;segmented-control;skeleton,dashboard;homepage;settings-page,gamers,high,pastel-colors;corporate-styling;serif-fonts
37,Music Streaming,entertainment,music,ai-futuristic,Dark Futuristic,dark-expressive,clean-modern,button;tabs;avatar;badge;progress-indicator;toast;navigation;modal;dropdown;segmented-control;skeleton,dashboard;homepage;settings-page,music-lovers,medium,corporate-conservative;bright-themes;serif-fonts
38,Event Ticketing,entertainment,events,gradient-startup,Gradient Bold,exciting-vibrant,bold-dynamic,button;hero;feature-card;date-picker;modal;badge;toast;input;select,homepage;form;dashboard,event-goers,medium,corporate-conservative;muted-colors;small-text
39,Government Portal,government,public-services,corporate,Corporate Conservative,accessible-blue,clear-formal,input;select;data-table;alert;breadcrumb;tabs;pagination;accordion;modal;combobox;stepper;segmented-control;otp-input;checkbox;radio;skeleton,form;authentication;dashboard;settings-page,citizens;officials,high,dark-themes;playful-animations;trendy-designs;neon-colors
40,Legal Services,professional,legal,minimal-corporate,Editorial Minimal,authoritative-navy,serif-professional,button;input;data-table;accordion;breadcrumb;modal;tabs;badge;combobox;segmented-control;checkbox,form;dashboard;settings-page,lawyers;clients,high,playful-elements;bright-colors;casual-typography
41,Accounting Software,professional,accounting,corporate,Corporate Conservative,stable-blue,data-clear,data-table;tabs;badge;pagination;modal;input;select;alert;progress-indicator;side-navigation;drawer;segmented-control;skeleton,dashboard;form;settings-page,accountants;business-owners,high,playful-animations;bright-gradients;casual-styling
42,HR Platform,professional,human-resources,minimal-saas,Clean Minimal,friendly-professional,clean-readable,data-table;tabs;badge;avatar;modal;input;select;toast;pagination;side-navigation;drawer;combobox;stepper;segmented-control;otp-input;checkbox;skeleton,dashboard;form;settings-page;authentication,hr-managers;employees,high,dark-themes;playful-animations;experimental-layouts
43,Project Management,productivity,pm-tools,minimal-saas,Clean Minimal,organized-blue,clean-functional,data-table;tabs;badge;avatar;toast;modal;input;date-picker;breadcrumb;side-navigation;dropdown;drawer;segmented-control;toolbar;skeleton,dashboard;form;settings-page,project-managers;teams,high,playful-animations;experimental-layouts;aggressive-colors
44,CRM Software,productivity,crm,dashboard,Data Dense,professional-blue,data-focused,data-table;tabs;badge;avatar;toast;modal;input;select;pagination;side-navigation;dropdown;date-picker;drawer;combobox;segmented-control;skeleton,dashboard;form;settings-page,sales-teams;managers,high,playful-animations;large-hero-sections;casual-styling
45,Email Client,productivity,email,minimal-saas,Clean Minimal,neutral-clean,readable-compact,data-table;badge;avatar;toast;modal;input;tabs;pagination;dropdown;side-navigation;drawer;segmented-control;toolbar;skeleton,dashboard;form;settings-page,professionals,high,playful-animations;bright-gradients;large-typography
46,Note Taking App,productivity,notes,apple-minimal,Apple Refined,minimal-focused,clean-elegant,input;tabs;modal;toast;dropdown;breadcrumb;badge;toggle;side-navigation;drawer;segmented-control;toolbar,dashboard;settings-page,knowledge-workers,medium,data-dense;aggressive-colors;corporate-heavy
47,Non-Profit Organization,nonprofit,charity,illustration,Friendly Illustrated,warm-compassionate,approachable-clear,button;hero;feature-card;testimonial;social-proof;footer;input;modal;progress-indicator,homepage;form;pricing-page,donors;volunteers,low,dark-themes;corporate-cold;aggressive-sales
48,Startup Landing Page,startup,general,gradient-startup,Gradient Bold,vibrant-confident,bold-modern,button;hero;pricing-table;social-proof;testimonial;feature-card;footer;navigation;carousel,homepage;pricing-page,investors;early-adopters,low,corporate-conservative;muted-tones;complex-navigation
49,Agency Portfolio,creative,design-agency,bold-lifestyle,Brutalist Bold,creative-bold,dramatic-artistic,button;hero;feature-card;navigation;footer;modal;testimonial;carousel,homepage,potential-clients,low,corporate-boring;data-dense;conventional-layouts
50,Photography Portfolio,creative,photography,apple-minimal,Apple Refined,minimal-elegant,refined-subtle,button;hero;navigation;footer;modal;feature-card;carousel,homepage,art-directors;clients,low,busy-layouts;bright-colors;text-heavy
51,Architecture Firm,creative,architecture,minimal-corporate,Editorial Minimal,refined-neutral,elegant-geometric,button;hero;feature-card;navigation;footer;modal;testimonial,homepage,clients;firms,low,playful-elements;rounded-corners;bright-colors
52,Food Delivery App,food-beverage,delivery,gradient-startup,Gradient Bold,appetizing-warm,bold-readable,button;input;badge;toast;modal;tabs;avatar;feature-card;select;stepper;segmented-control;otp-input,homepage;form;dashboard;authentication,hungry-customers,medium,corporate-conservative;dark-themes;small-text
53,Coffee Brand,food-beverage,coffee,bold-lifestyle,Brutalist Bold,warm-artisanal,bold-expressive,button;hero;feature-card;navigation;footer;modal;carousel,homepage,coffee-lovers,low,corporate-styling;pastel-colors;complex-navigation
54,Crypto Exchange,crypto,trading,ai-futuristic,Dark Futuristic,neon-data,technical-precise,data-table;tabs;badge;toast;modal;input;pagination;progress-indicator;side-navigation;drawer;alert-dialog;stepper;segmented-control;otp-input;skeleton,dashboard;settings-page;authentication;form,traders;investors,high,pastel-colors;playful-animations;rounded-friendly
55,NFT Marketplace,crypto,nft,ai-futuristic,Dark Futuristic,neon-creative,bold-technical,button;feature-card;badge;modal;tabs;toast;avatar;pagination;input,homepage;dashboard;form,collectors;creators,medium,corporate-conservative;muted-tones;serif-fonts
56,Logistics Platform,logistics,shipping,dashboard,Data Dense,functional-blue,data-clear,data-table;badge;tabs;pagination;side-navigation;modal;alert;progress-indicator;breadcrumb;toast;drawer;segmented-control;skeleton,dashboard;form;settings-page,operations-managers;dispatchers,high,playful-animations;bright-gradients;casual-styling
57,IoT Dashboard,technology,iot,dashboard,Data Dense,technical-blue,monospace-data,data-table;badge;tabs;toggle;toast;progress-indicator;side-navigation;modal;alert;drawer;segmented-control;skeleton,dashboard;settings-page,engineers;operators,high,playful-animations;rounded-friendly;pastel-colors
58,Cybersecurity Platform,technology,security,ai-futuristic,Dark Futuristic,dark-alert,technical-precise,data-table;badge;alert;toast;tabs;modal;progress-indicator;side-navigation;pagination;drawer;segmented-control;skeleton,dashboard;settings-page,security-analysts,high,pastel-colors;playful-animations;casual-typography
59,Marketing Analytics,marketing,analytics,dashboard,Data Dense,professional-blue,data-readable,data-table;tabs;badge;pagination;progress-indicator;side-navigation;modal;toast;tooltip;drawer;popover;segmented-control;skeleton,dashboard;settings-page,marketers;analysts,high,playful-animations;dark-themes;casual-styling
60,Email Marketing Tool,marketing,email-campaigns,minimal-saas,Clean Minimal,friendly-blue,clean-readable,data-table;tabs;badge;toast;modal;input;progress-indicator;pagination;side-navigation;drawer;segmented-control;skeleton,dashboard;form;settings-page,email-marketers,medium,dark-themes;aggressive-gradients;complex-navigation
61,SEO Tool,marketing,seo,dashboard,Data Dense,analytical-blue,data-focused,data-table;tabs;badge;pagination;progress-indicator;side-navigation;tooltip;modal;toast;drawer;popover;segmented-control;skeleton,dashboard;settings-page,seo-specialists;marketers,high,playful-animations;large-hero;casual-typography
62,Recruiting Platform,professional,recruiting,minimal-saas,Clean Minimal,professional-friendly,clean-readable,data-table;tabs;badge;avatar;modal;input;select;toast;pagination;side-navigation;date-picker;drawer;combobox;chip-input;stepper;segmented-control;otp-input;checkbox;skeleton,dashboard;form;settings-page;authentication,recruiters;candidates,high,dark-themes;aggressive-colors;experimental-layouts
63,Property Management,real-estate,management,dashboard,Data Dense,organized-blue,data-clear,data-table;tabs;badge;toast;modal;input;select;pagination;side-navigation;breadcrumb;alert;drawer;segmented-control;skeleton,dashboard;form;settings-page,property-managers;landlords,high,playful-animations;bright-gradients;casual-styling
64,Construction Management,construction,project-mgmt,corporate,Corporate Conservative,sturdy-blue,functional-clear,data-table;tabs;badge;progress-indicator;modal;input;date-picker;pagination;side-navigation;alert;drawer;segmented-control;skeleton,dashboard;form;settings-page,project-managers;contractors,high,playful-animations;neon-colors;casual-typography
65,Agriculture Tech,agriculture,farm-management,illustration,Friendly Illustrated,natural-green,warm-accessible,data-table;badge;tabs;progress-indicator;modal;toast;input;select;side-navigation;drawer;segmented-control,dashboard;form;settings-page,farmers;agronomists,medium,dark-themes;aggressive-neon;complex-animations
66,Pet Care App,pets,pet-services,illustration,Friendly Illustrated,warm-playful,rounded-friendly,button;avatar;badge;tabs;modal;toast;input;select;feature-card;segmented-control,homepage;dashboard;form;settings-page,pet-owners,low,corporate-conservative;dark-themes;angular-designs
67,Automotive Dealership,automotive,sales,bold-lifestyle,Brutalist Bold,premium-bold,dramatic-impact,button;hero;feature-card;navigation;footer;modal;input;select;testimonial,homepage;form,car-buyers,medium,pastel-colors;playful-illustrations;rounded-designs
68,Energy Dashboard,energy,utilities,dashboard,Data Dense,industrial-blue,data-precise,data-table;tabs;badge;progress-indicator;toast;alert;side-navigation;modal;pagination;tooltip;drawer;segmented-control;skeleton,dashboard;settings-page,engineers;operators,high,playful-animations;bright-gradients;casual-styling
69,Supply Chain Platform,logistics,supply-chain,dashboard,Data Dense,organized-steel,data-functional,data-table;tabs;badge;pagination;side-navigation;modal;alert;progress-indicator;breadcrumb;toast;date-picker;drawer;segmented-control;skeleton,dashboard;form;settings-page,supply-chain-managers,high,playful-animations;bright-colors;casual-typography
70,Wedding Planning,events,weddings,apple-minimal,Apple Refined,romantic-elegant,refined-beautiful,button;hero;feature-card;navigation;footer;modal;date-picker;input;testimonial;carousel,homepage;form,couples;planners,low,dark-themes;brutalist-design;aggressive-colors
71,Sports Analytics,sports,analytics,dashboard,Data Dense,dynamic-blue,data-focused,data-table;tabs;badge;pagination;progress-indicator;side-navigation;tooltip;modal;toast;drawer;popover;segmented-control;skeleton,dashboard;settings-page,analysts;coaches,high,pastel-colors;playful-illustrations;casual-typography
72,Music Production,creative,audio,ai-futuristic,Dark Futuristic,dark-creative,technical-modern,button;tabs;toggle;toast;progress-indicator;modal;input;side-navigation;badge;dropdown;drawer;segmented-control;toolbar;skeleton,dashboard;settings-page,music-producers,high,bright-themes;corporate-styling;serif-fonts
73,Consulting Firm,professional,consulting,minimal-corporate,Editorial Minimal,sophisticated-neutral,elegant-professional,button;hero;feature-card;testimonial;social-proof;footer;navigation;accordion;modal,homepage;form,executives;clients,medium,playful-elements;bright-neon;casual-typography
74,Dental Clinic,healthcare,dental,minimal-saas,Clean Minimal,calming-clean,accessible-warm,button;input;select;modal;toast;date-picker;accordion;badge;tabs;stepper;segmented-control;otp-input;checkbox;radio,form;authentication;dashboard;settings-page,patients;staff,medium,dark-themes;aggressive-colors;complex-animations
75,Pharmacy Platform,healthcare,pharmacy,corporate,Corporate Conservative,trustworthy-green,clear-professional,data-table;input;select;badge;alert;toast;modal;pagination;tabs;breadcrumb;stepper;otp-input;checkbox,dashboard;form;authentication,pharmacists;patients,high,playful-animations;neon-colors;dark-themes
76,Blockchain Explorer,crypto,infrastructure,ai-futuristic,Dark Futuristic,neon-data,monospace-technical,data-table;tabs;badge;pagination;code-block;input;tooltip;breadcrumb;toast,dashboard,developers;researchers,high,pastel-colors;playful-illustrations;rounded-friendly
77,Social Impact Platform,nonprofit,social-impact,illustration,Friendly Illustrated,warm-purposeful,approachable-clear,button;hero;feature-card;progress-indicator;testimonial;social-proof;footer;input;modal,homepage;form;dashboard,activists;donors,medium,dark-themes;corporate-cold;aggressive-sales
78,Interior Design Studio,creative,interior-design,apple-minimal,Apple Refined,refined-aesthetic,elegant-minimal,button;hero;feature-card;navigation;footer;modal;testimonial;carousel,homepage,homeowners;designers,low,busy-layouts;bright-neon;data-dense
79,Legal Tech Platform,professional,legal-tech,corporate,Corporate Conservative,trustworthy-navy,professional-precise,data-table;input;select;tabs;badge;modal;alert;breadcrumb;pagination;side-navigation;drawer;combobox;stepper;segmented-control;otp-input;checkbox;skeleton,dashboard;form;settings-page;authentication,lawyers;paralegals,high,playful-elements;bright-colors;casual-fonts
80,Climate Tech,technology,cleantech,illustration,Friendly Illustrated,natural-optimistic,warm-technical,button;hero;feature-card;progress-indicator;data-table;tabs;badge;social-proof;footer,homepage;dashboard,environmentalists;investors,medium,dark-aggressive;neon-colors;brutalist-design
81,DevOps Platform,technology,devops,ai-futuristic,Dark Futuristic,dark-operational,monospace-technical,data-table;tabs;badge;toast;alert;code-block;side-navigation;modal;progress-indicator;tooltip;drawer;popover;segmented-control;toolbar;skeleton,dashboard;settings-page,devops-engineers;sres,high,playful-animations;bright-themes;casual-typography
82,API Documentation,technology,api-docs,ai-futuristic,Dark Futuristic,dark-technical,monospace-clean,code-block;tabs;breadcrumb;side-navigation;badge;accordion;tooltip;input;drawer;popover;segmented-control;tree-view,dashboard;settings-page,developers,medium,playful-illustrations;casual-fonts;bright-gradients
83,Startup Investor Portal,finance,venture-capital,minimal-corporate,Editorial Minimal,sophisticated-neutral,serif-authoritative,data-table;tabs;badge;feature-card;modal;pagination;avatar;progress-indicator;segmented-control,dashboard;settings-page,investors;founders,high,playful-elements;bright-colors;casual-typography
84,Church Website,nonprofit,religious,illustration,Friendly Illustrated,warm-welcoming,approachable-clear,button;hero;feature-card;accordion;navigation;footer;modal;input,homepage;form,congregation;visitors,low,dark-themes;aggressive-colors;brutalist-design
85,Coworking Space,real-estate,coworking,gradient-startup,Gradient Bold,modern-vibrant,bold-friendly,button;hero;pricing-table;feature-card;testimonial;social-proof;footer;navigation;input,homepage;pricing-page;form,freelancers;teams,low,corporate-conservative;muted-tones;data-dense
86,Beauty Brand,ecommerce,beauty,apple-minimal,Apple Refined,soft-premium,elegant-refined,button;hero;feature-card;navigation;footer;modal;testimonial;avatar;carousel,homepage,beauty-consumers,low,dark-themes;brutalist-design;data-dense
87,Robotics Company,technology,robotics,ai-futuristic,Dark Futuristic,technical-futuristic,bold-technical,button;hero;feature-card;code-block;navigation;footer;modal;social-proof,homepage,engineers;investors,medium,pastel-colors;playful-elements;serif-fonts
88,Podcast Landing,media,podcast-marketing,gradient-startup,Gradient Bold,creative-energetic,bold-dynamic,button;hero;social-proof;testimonial;feature-card;footer;navigation;accordion;carousel,homepage,listeners,low,corporate-conservative;muted-colors;data-dense
89,Library System,education,library,minimal-corporate,Editorial Minimal,quiet-scholarly,serif-readable,data-table;input;breadcrumb;pagination;tabs;badge;modal;accordion;side-navigation;drawer;segmented-control;tree-view,dashboard;form;settings-page,librarians;readers,medium,bright-gradients;playful-animations;neon-colors
90,Museum Website,culture,museum,minimal-corporate,Editorial Minimal,refined-cultural,elegant-editorial,button;hero;feature-card;navigation;footer;modal;breadcrumb;accordion;tabs;carousel,homepage,visitors;art-enthusiasts,low,aggressive-gradients;brutalist-heavy;playful-elements
91,Ticketing System,productivity,support,minimal-saas,Clean Minimal,organized-blue,clean-functional,data-table;tabs;badge;toast;modal;input;select;pagination;side-navigation;dropdown;avatar;drawer;segmented-control;skeleton,dashboard;form;settings-page,support-agents;customers,high,playful-animations;aggressive-colors;experimental-layouts
92,Warehouse Management,logistics,warehouse,dashboard,Data Dense,industrial-functional,data-clear,data-table;badge;tabs;pagination;alert;toast;side-navigation;modal;progress-indicator;input;select;drawer;segmented-control;skeleton,dashboard;form;settings-page,warehouse-managers;operators,high,playful-animations;bright-gradients;casual-fonts
93,Veterinary Clinic,healthcare,veterinary,illustration,Friendly Illustrated,warm-caring,friendly-accessible,button;input;select;modal;toast;date-picker;avatar;badge;tabs;accordion;stepper;segmented-control;otp-input;checkbox,form;dashboard;settings-page;authentication,pet-owners;veterinarians,medium,dark-themes;angular-designs;aggressive-colors
94,Wine Store,food-beverage,wine,minimal-corporate,Editorial Minimal,refined-burgundy,elegant-serif,button;hero;feature-card;navigation;footer;modal;testimonial;accordion;carousel,homepage;form,wine-enthusiasts,low,playful-elements;neon-colors;casual-typography
95,Dental Lab,healthcare,dental-lab,dashboard,Data Dense,clinical-clean,data-precise,data-table;tabs;badge;progress-indicator;toast;modal;input;select;pagination;side-navigation;drawer;segmented-control;skeleton,dashboard;form;settings-page,dental-technicians,high,playful-animations;bright-gradients;casual-styling
96,Climate Dashboard,energy,climate,dashboard,Data Dense,environmental-blue,data-focused,data-table;tabs;badge;progress-indicator;toast;alert;side-navigation;modal;pagination;tooltip;drawer;segmented-control;skeleton,dashboard;settings-page,climate-scientists;policymakers,high,playful-animations;casual-styling;neon-colors
97,Childcare Center,education,childcare,illustration,Friendly Illustrated,warm-safe,large-friendly,button;avatar;badge;modal;toast;input;date-picker;tabs;accordion;stepper;segmented-control;otp-input;checkbox;radio,form;dashboard;settings-page;authentication,parents;caregivers,low,dark-themes;angular-designs;small-text;complex-navigation
98,Bike Sharing,transportation,micromobility,gradient-startup,Gradient Bold,active-green,bold-modern,button;input;badge;toast;modal;tabs;avatar;feature-card;progress-indicator;stepper;otp-input,homepage;dashboard;authentication;form,commuters,medium,corporate-conservative;muted-tones;serif-fonts
99,Freelance Marketplace,gig-economy,freelancing,minimal-saas,Clean Minimal,professional-friendly,clean-readable,data-table;tabs;badge;avatar;toast;modal;input;pagination;side-navigation;dropdown;feature-card;drawer;chip-input;stepper;segmented-control;otp-input;skeleton,homepage;dashboard;form;settings-page;authentication,freelancers;clients,high,dark-themes;aggressive-colors;complex-animations
100,Meditation App,health-wellness,mindfulness,apple-minimal,Apple Refined,serene-minimal,gentle-elegant,button;toggle;modal;toast;avatar;progress-indicator;tabs;input;stepper;segmented-control;otp-input,dashboard;settings-page;authentication;form,meditators,low,aggressive-colors;busy-layouts;dark-industrial;neon-elements
101,Recruitment Agency,professional,staffing,minimal-saas,Clean Minimal,professional-friendly,clean-readable,data-table;tabs;badge;avatar;modal;input;select;toast;pagination;chip-input;segmented-control,dashboard;form;settings-page,recruiters;candidates,medium,dark-themes;aggressive-gradients;casual-typography
102,Event Management,events,corporate-events,minimal-saas,Clean Minimal,organized-professional,clean-functional,data-table;tabs;badge;toast;modal;input;date-picker;pagination;side-navigation;breadcrumb;drawer;segmented-control,dashboard;form;settings-page,event-planners;coordinators,high,playful-animations;neon-colors;casual-fonts
103,Fleet Management,logistics,fleet,dashboard,Data Dense,industrial-blue,data-functional,data-table;badge;tabs;pagination;alert;toast;side-navigation;modal;progress-indicator;tooltip;drawer;segmented-control;skeleton,dashboard;settings-page,fleet-managers;dispatchers,high,playful-animations;bright-gradients;casual-styling
104,Dental Insurance,finance,dental-insurance,corporate,Corporate Conservative,trustworthy-blue,conservative-clear,input;select;data-table;modal;alert;breadcrumb;pagination;tabs;accordion;combobox;alert-dialog;stepper;segmented-control;checkbox;radio,form;dashboard;settings-page,policyholders;agents,high,trendy-designs;dark-themes;playful-elements
105,Smart Home,technology,iot-consumer,minimal-saas,Clean Minimal,modern-clean,accessible-clear,button;toggle;badge;toast;modal;tabs;avatar;progress-indicator;side-navigation;drawer;segmented-control,dashboard;settings-page,homeowners,medium,complex-navigation;data-dense;corporate-heavy
106,Telehealth Platform,healthcare,telemedicine,minimal-saas,Clean Minimal,calming-blue,warm-accessible,button;input;modal;avatar;badge;tabs;toast;toggle;select;date-picker;stepper;segmented-control;otp-input;checkbox,authentication;dashboard;form;settings-page,patients;doctors;nurses,high,neon-colors;dark-themes;experimental-typography;aggressive-animations
107,Insurance Claims Portal,finance,insurance,corporate,Corporate Conservative,blue-stable,conservative-clear,input;select;data-table;modal;alert;breadcrumb;pagination;tabs;accordion;progress-indicator;file-upload;combobox;alert-dialog;stepper;segmented-control;otp-input;checkbox;radio,form;dashboard;settings-page;authentication,policyholders;claims-adjusters;agents,high,trendy-designs;dark-themes;playful-elements;neon-colors
108,Crypto Exchange,finance,crypto,ai-futuristic,Dark Futuristic,neon-data,technical-precise,data-table;tabs;badge;toast;modal;input;pagination;progress-indicator;side-navigation;toggle;tooltip;drawer;alert-dialog;stepper;segmented-control;otp-input;skeleton,dashboard;settings-page;authentication;form,traders;investors;analysts,high,pastel-colors;playful-animations;rounded-friendly;illustration-heavy
109,NFT Marketplace,technology,web3,ai-futuristic,Dark Futuristic,neon-creative,bold-technical,button;feature-card;badge;modal;tabs;toast;avatar;pagination;input;select;file-upload;stepper;otp-input,homepage;dashboard;form;authentication,collectors;digital-artists;crypto-enthusiasts,medium,corporate-conservative;muted-tones;serif-fonts;conventional-layouts
110,DeFi Dashboard,finance,defi,ai-futuristic,Dark Futuristic,neon-data,monospace-technical,data-table;tabs;badge;toast;modal;input;pagination;progress-indicator;side-navigation;toggle;tooltip;code-block;drawer;alert-dialog;stepper;segmented-control;otp-input;skeleton,dashboard;settings-page;authentication,defi-traders;yield-farmers;liquidity-providers,high,pastel-colors;playful-animations;corporate-styling;rounded-friendly
111,Ride-Sharing App,logistics,transportation,gradient-startup,Gradient Bold,vibrant-energetic,bold-readable,button;input;modal;toast;badge;avatar;tabs;toggle;progress-indicator;select;stepper;segmented-control;otp-input,authentication;dashboard;form;settings-page,commuters;drivers,medium,corporate-conservative;dark-themes;data-dense;serif-fonts
112,Food Delivery App,ecommerce,delivery,bold-lifestyle,Brutalist Bold,warm-appetizing,bold-expressive,button;input;badge;toast;modal;tabs;avatar;feature-card;select;progress-indicator;toggle;stepper;segmented-control;otp-input,homepage;form;dashboard;authentication;settings-page,hungry-customers;restaurant-owners,medium,corporate-conservative;dark-themes;small-text;muted-tones
113,Hotel Booking Platform,hospitality,accommodation,apple-minimal,Apple Refined,luxurious-warm,refined-clear,button;input;select;feature-card;modal;breadcrumb;date-picker;pagination;tabs;badge;toast;carousel;stepper;otp-input,form;homepage;dashboard;authentication,travelers;hotel-managers,medium,dark-themes;aggressive-colors;brutalist-design;neon-elements
114,Travel Planning App,hospitality,travel,gradient-startup,Gradient Bold,adventurous-vibrant,bold-inviting,button;hero;feature-card;input;select;date-picker;badge;tabs;pagination;modal;toast;avatar;carousel;segmented-control,homepage;form;dashboard;settings-page,travelers;backpackers;families,medium,corporate-conservative;muted-tones;monospace-fonts;data-dense
115,Restaurant POS System,hospitality,restaurant,dashboard,Data Dense,functional-warm,data-clear,data-table;tabs;badge;toast;modal;input;select;pagination;side-navigation;button;toggle;alert;drawer;segmented-control,dashboard;form;settings-page,restaurant-staff;managers;owners,high,playful-animations;bright-gradients;experimental-layouts;large-hero-sections
116,Music Streaming App,entertainment,music,bold-lifestyle,Brutalist Bold,dark-expressive,bold-modern,button;tabs;avatar;badge;progress-indicator;toast;navigation;modal;dropdown;toggle;stepper;segmented-control;otp-input,dashboard;homepage;settings-page;authentication,music-lovers;artists,medium,corporate-conservative;serif-fonts;muted-colors;data-dense
117,Video Streaming Platform,entertainment,video,bold-lifestyle,Brutalist Bold,immersive-dark,clean-modern,button;feature-card;tabs;badge;avatar;modal;navigation;toast;progress-indicator;dropdown;stepper;segmented-control;otp-input,homepage;dashboard;settings-page;authentication,viewers;content-creators,medium,bright-themes;corporate-styling;serif-fonts;data-dense
118,Podcast Platform,media,podcast,minimal-saas,Clean Minimal,creative-friendly,modern-readable,button;avatar;tabs;badge;toast;progress-indicator;navigation;footer;input;modal;dropdown;segmented-control,homepage;dashboard;form;settings-page,listeners;podcasters,medium,corporate-conservative;data-dense;serif-fonts;dark-themes
119,Social Media Dashboard,social,analytics,dashboard,Data Dense,analytical-blue,data-focused,data-table;tabs;badge;pagination;progress-indicator;side-navigation;tooltip;modal;toast;date-picker;dropdown;drawer;chip-input;segmented-control;skeleton,dashboard;settings-page,social-media-managers;marketers;analysts,high,playful-animations;large-hero;casual-typography;illustration-heavy
120,Influencer Platform,social,influencer,gradient-startup,Gradient Bold,vibrant-social,bold-engaging,button;avatar;badge;modal;tabs;toast;feature-card;input;pagination;dropdown;progress-indicator;chip-input;stepper;segmented-control;otp-input,homepage;dashboard;form;settings-page;authentication,influencers;brands;agencies,medium,corporate-conservative;muted-tones;serif-fonts;data-dense
121,Dating App,social,dating,gradient-startup,Gradient Bold,romantic-vibrant,playful-modern,button;avatar;badge;modal;toast;tabs;input;toggle;feature-card;select;stepper;segmented-control;otp-input,authentication;dashboard;settings-page;form,singles;young-adults,medium,corporate-conservative;data-dense;serif-fonts;angular-designs
122,Job Board Platform,professional,recruitment,minimal-corporate,Editorial Minimal,professional-neutral,clean-readable,data-table;input;select;badge;pagination;breadcrumb;tabs;modal;avatar;feature-card;side-navigation;drawer;combobox;chip-input;stepper;segmented-control;otp-input;checkbox;skeleton,homepage;dashboard;form;settings-page;authentication,job-seekers;recruiters;employers,high,playful-animations;neon-colors;dark-themes;casual-typography
123,Freelance Marketplace,professional,freelance,minimal-saas,Clean Minimal,professional-friendly,clean-readable,data-table;tabs;badge;avatar;toast;modal;input;pagination;side-navigation;dropdown;feature-card;select;file-upload;drawer;chip-input;stepper;segmented-control;otp-input;checkbox;skeleton,homepage;dashboard;form;settings-page;authentication,freelancers;clients;agencies,high,dark-themes;aggressive-colors;complex-animations;brutalist-design
124,Online Course Platform,education,e-learning,illustration,Friendly Illustrated,warm-playful,inviting-readable,button;tabs;accordion;breadcrumb;progress-indicator;badge;avatar;toast;modal;feature-card;input;hero;segmented-control,homepage;dashboard;form;settings-page;pricing-page,students;instructors;course-creators,medium,dark-themes;angular-designs;corporate-styling;monospace-fonts
125,Student Portal,education,student,illustration,Friendly Illustrated,warm-organized,rounded-friendly,button;tabs;badge;avatar;toast;modal;breadcrumb;progress-indicator;data-table;input;date-picker;accordion;stepper;segmented-control;otp-input;checkbox;radio,dashboard;form;settings-page;authentication,students;professors;administrators,medium,dark-themes;aggressive-colors;brutalist-design;complex-navigation
126,Language Learning App,education,language,illustration,Friendly Illustrated,colorful-playful,rounded-friendly,button;avatar;progress-indicator;badge;toast;modal;tabs;toggle;input;feature-card;stepper;segmented-control;otp-input,dashboard;form;settings-page;authentication;empty-state,language-learners;teachers,low,dark-themes;angular-designs;corporate-styling;small-text
127,Coding Bootcamp Platform,education,coding,ai-futuristic,Dark Futuristic,neon-educational,technical-modern,code-block;tabs;badge;progress-indicator;avatar;toast;modal;input;breadcrumb;side-navigation;button;drawer;stepper;segmented-control;otp-input;skeleton,dashboard;form;settings-page;authentication,aspiring-developers;mentors;bootcamp-operators,high,pastel-colors;playful-illustrations;corporate-conservative;rounded-friendly
128,Legal Case Management,legal,case-management,corporate,Corporate Conservative,authoritative-navy,serif-professional,data-table;input;select;tabs;badge;modal;alert;breadcrumb;pagination;side-navigation;date-picker;file-upload;accordion;drawer;combobox;stepper;segmented-control;tree-view;otp-input;checkbox;skeleton,dashboard;form;settings-page;authentication,lawyers;paralegals;legal-assistants,high,playful-elements;bright-colors;casual-fonts;neon-colors
129,Patent Search Tool,legal,patents,minimal-corporate,Editorial Minimal,neutral-professional,serif-readable,data-table;input;select;tabs;badge;pagination;breadcrumb;modal;accordion;side-navigation;tooltip;drawer;segmented-control;tree-view;skeleton,dashboard;form;settings-page,patent-attorneys;researchers;inventors,high,playful-animations;bright-gradients;casual-typography;dark-themes
130,Compliance Dashboard,legal,compliance,corporate,Corporate Conservative,trustworthy-blue,professional-precise,data-table;tabs;badge;alert;toast;progress-indicator;side-navigation;modal;pagination;tooltip;breadcrumb;drawer;combobox;segmented-control;skeleton,dashboard;settings-page,compliance-officers;auditors;risk-managers,high,playful-elements;bright-colors;casual-fonts;experimental-layouts
131,Government Services Portal,government,services,corporate,Corporate Conservative,accessible-blue,clear-formal,input;select;data-table;alert;breadcrumb;tabs;pagination;accordion;modal;toast;progress-indicator;button;combobox;stepper;segmented-control;otp-input;checkbox;radio,form;authentication;dashboard;settings-page,citizens;government-employees,high,dark-themes;playful-animations;trendy-designs;neon-colors;complex-navigation
132,Voting Platform,government,elections,corporate,Corporate Conservative,accessible-trustworthy,clear-formal,button;input;select;modal;alert;progress-indicator;badge;tabs;accordion;toast;alert-dialog;stepper;segmented-control;otp-input;checkbox;radio,form;authentication;settings-page,voters;election-officials;poll-workers,high,dark-themes;playful-animations;trendy-designs;neon-colors;experimental-layouts
133,Tax Filing System,government,taxation,corporate,Corporate Conservative,stable-blue,conservative-clear,input;select;data-table;modal;alert;breadcrumb;pagination;tabs;accordion;progress-indicator;tooltip;toast;combobox;stepper;segmented-control;otp-input;checkbox;radio,form;dashboard;settings-page;authentication,taxpayers;accountants;tax-professionals,high,dark-themes;playful-animations;trendy-designs;neon-colors;casual-typography
134,Nonprofit Donation Platform,nonprofit,fundraising,illustration,Friendly Illustrated,warm-compassionate,approachable-clear,button;hero;feature-card;progress-indicator;input;modal;toast;social-proof;testimonial;footer;badge,homepage;form;dashboard,donors;nonprofit-staff;volunteers,low,dark-themes;corporate-cold;aggressive-sales;angular-designs
135,Volunteer Management System,nonprofit,volunteer,illustration,Friendly Illustrated,warm-purposeful,friendly-accessible,data-table;tabs;badge;avatar;toast;modal;input;select;date-picker;pagination;side-navigation;progress-indicator;drawer;stepper;segmented-control;otp-input;checkbox,dashboard;form;settings-page;authentication,volunteer-coordinators;volunteers;nonprofit-managers,medium,dark-themes;corporate-cold;aggressive-colors;complex-animations
136,Smart Home Dashboard,technology,iot,dashboard,Data Dense,modern-clean,accessible-clear,button;toggle;badge;toast;modal;tabs;avatar;progress-indicator;side-navigation;data-table;alert;tooltip;drawer;segmented-control;skeleton,dashboard;settings-page,homeowners;smart-home-enthusiasts,medium,complex-navigation;corporate-heavy;serif-fonts;small-text
137,IoT Device Management,technology,iot,ai-futuristic,Dark Futuristic,technical-blue,monospace-technical,data-table;badge;tabs;toggle;toast;progress-indicator;side-navigation;modal;alert;code-block;pagination;tooltip;drawer;segmented-control;skeleton,dashboard;settings-page;form,iot-engineers;device-managers;system-administrators,high,playful-animations;rounded-friendly;pastel-colors;illustration-heavy
138,Fleet Management Dashboard,logistics,fleet,dashboard,Data Dense,industrial-blue,data-functional,data-table;badge;tabs;pagination;alert;toast;side-navigation;modal;progress-indicator;tooltip;select;date-picker;drawer;segmented-control;skeleton,dashboard;settings-page;form,fleet-managers;dispatchers;logistics-coordinators,high,playful-animations;bright-gradients;casual-styling;large-hero-sections
139,Supply Chain Platform,logistics,supply-chain,dashboard,Data Dense,organized-steel,data-functional,data-table;tabs;badge;pagination;side-navigation;modal;alert;progress-indicator;breadcrumb;toast;date-picker;select;input;drawer;segmented-control;skeleton,dashboard;form;settings-page,supply-chain-managers;procurement-officers;warehouse-staff,high,playful-animations;bright-colors;casual-typography;illustration-heavy
140,Warehouse Management System,logistics,warehouse,dashboard,Data Dense,industrial-functional,data-clear,data-table;badge;tabs;pagination;alert;toast;side-navigation;modal;progress-indicator;input;select;breadcrumb;toggle;drawer;segmented-control;skeleton,dashboard;form;settings-page,warehouse-managers;operators;inventory-clerks,high,playful-animations;bright-gradients;casual-fonts;large-hero-sections
141,Construction Project Manager,professional,construction,dashboard,Data Dense,sturdy-blue,functional-clear,data-table;tabs;badge;progress-indicator;modal;input;date-picker;pagination;side-navigation;alert;toast;file-upload;drawer;segmented-control;skeleton,dashboard;form;settings-page,project-managers;contractors;site-supervisors,high,playful-animations;neon-colors;casual-typography;experimental-layouts
142,Architecture Portfolio,creative,architecture,apple-minimal,Apple Refined,refined-neutral,elegant-geometric,button;hero;feature-card;navigation;footer;modal;testimonial;breadcrumb;carousel,homepage,architects;design-firms;potential-clients,low,busy-layouts;bright-neon;data-dense;playful-elements
143,Interior Design Platform,creative,interior-design,apple-minimal,Apple Refined,refined-aesthetic,elegant-minimal,button;hero;feature-card;navigation;footer;modal;testimonial;badge;tabs;input;carousel,homepage;dashboard;form,homeowners;interior-designers;architects,medium,busy-layouts;bright-neon;data-dense;corporate-heavy
144,Fashion Ecommerce,ecommerce,fashion,bold-lifestyle,Brutalist Bold,black-white-accent,uppercase-dramatic,button;hero;feature-card;navigation;footer;modal;avatar;badge;pagination;breadcrumb;input;select;carousel,homepage;form;dashboard,fashion-conscious-consumers;stylists,medium,rounded-corners;pastel-colors;corporate-styling;serif-fonts
145,Luxury Brand Store,ecommerce,luxury,apple-minimal,Apple Refined,muted-premium,elegant-refined,button;hero;navigation;footer;modal;feature-card;testimonial;badge;breadcrumb;pagination;carousel,homepage;form,affluent-consumers;luxury-shoppers,medium,busy-layouts;bright-colors;playful-elements;discount-badges;neon-colors
146,Grocery Delivery Platform,ecommerce,grocery,gradient-startup,Gradient Bold,fresh-vibrant,bold-readable,button;input;badge;toast;modal;tabs;feature-card;select;pagination;breadcrumb;progress-indicator;stepper;otp-input,homepage;form;dashboard;authentication,grocery-shoppers;delivery-drivers,medium,dark-themes;corporate-conservative;small-text;angular-designs
147,Pet Care Platform,ecommerce,pet-care,illustration,Friendly Illustrated,warm-playful,rounded-friendly,button;avatar;badge;tabs;modal;toast;input;select;feature-card;date-picker;accordion;segmented-control,homepage;dashboard;form;settings-page,pet-owners;veterinarians;pet-sitters,low,corporate-conservative;dark-themes;angular-designs;aggressive-colors
148,Sports Analytics Dashboard,entertainment,sports,dashboard,Data Dense,dynamic-blue,data-focused,data-table;tabs;badge;pagination;progress-indicator;side-navigation;tooltip;modal;toast;date-picker;dropdown;drawer;popover;segmented-control;skeleton,dashboard;settings-page,sports-analysts;coaches;team-managers,high,pastel-colors;playful-illustrations;casual-typography;large-hero-sections
149,Gaming Community Platform,gaming,community,ai-futuristic,Dark Futuristic,neon-immersive,bold-technical,button;avatar;badge;tabs;modal;toast;input;feature-card;navigation;dropdown;pagination;side-navigation;drawer;stepper;segmented-control;otp-input,homepage;dashboard;form;settings-page;authentication,gamers;streamers;esports-fans,high,pastel-colors;corporate-styling;serif-fonts;muted-tones
150,Esports Tournament Platform,gaming,esports,ai-futuristic,Dark Futuristic,neon-competitive,bold-dramatic,button;data-table;badge;tabs;modal;toast;avatar;pagination;progress-indicator;navigation;hero;feature-card;segmented-control,homepage;dashboard;form;settings-page,esports-players;tournament-organizers;fans,high,pastel-colors;corporate-conservative;serif-fonts;muted-colors
151,Event Management Platform,hospitality,events,gradient-startup,Gradient Bold,exciting-vibrant,bold-dynamic,button;hero;feature-card;date-picker;modal;badge;toast;input;select;data-table;tabs;pagination;avatar;drawer;segmented-control,homepage;form;dashboard;settings-page,event-planners;attendees;vendors,medium,corporate-conservative;muted-colors;small-text;data-dense
152,Wedding Planning App,hospitality,wedding,apple-minimal,Apple Refined,romantic-elegant,refined-beautiful,button;hero;feature-card;navigation;footer;modal;date-picker;input;testimonial;badge;tabs;toast;accordion;carousel;segmented-control,homepage;form;dashboard;settings-page,couples;wedding-planners;vendors,low,dark-themes;brutalist-design;aggressive-colors;angular-designs
153,Mental Health App,healthcare,mental-health,illustration,Friendly Illustrated,calming-gentle,warm-accessible,button;input;toggle;modal;toast;avatar;tabs;progress-indicator;accordion;badge;stepper;segmented-control;otp-input;radio,authentication;dashboard;settings-page;form,patients;therapists;counselors,medium,neon-colors;aggressive-animations;dark-themes;bright-reds;angular-designs
154,Fitness Tracking App,healthcare,fitness,gradient-startup,Gradient Bold,energetic-bold,dynamic-modern,button;progress-indicator;badge;avatar;toast;tabs;toggle;modal;feature-card;input;date-picker;stepper;segmented-control;otp-input,dashboard;settings-page;form;authentication,fitness-enthusiasts;personal-trainers,medium,corporate-conservative;muted-colors;serif-fonts;dark-industrial
155,Pharmacy Management System,healthcare,pharmacy,corporate,Corporate Conservative,trustworthy-green,clear-professional,data-table;input;select;badge;alert;toast;modal;pagination;tabs;breadcrumb;side-navigation;date-picker;drawer;stepper;segmented-control;otp-input;skeleton,dashboard;form;authentication;settings-page,pharmacists;pharmacy-technicians;patients,high,playful-animations;neon-colors;dark-themes;experimental-layouts
156,Real Estate Listing Site,real-estate,listings,minimal-corporate,Editorial Minimal,warm-professional,clear-readable,feature-card;pagination;breadcrumb;data-table;modal;select;input;badge;tabs;hero;button;segmented-control,homepage;form;dashboard;settings-page,home-buyers;sellers;real-estate-agents,medium,dark-themes;playful-animations;neon-colors;brutalist-design
157,Property Management Dashboard,real-estate,management,dashboard,Data Dense,organized-blue,data-clear,data-table;tabs;badge;toast;modal;input;select;pagination;side-navigation;breadcrumb;alert;date-picker;drawer;segmented-control;skeleton,dashboard;form;settings-page,property-managers;landlords;tenants,high,playful-animations;bright-gradients;casual-styling;large-hero-sections
158,Mortgage Calculator Tool,real-estate,mortgage,corporate,Corporate Conservative,trustworthy-blue,professional-precise,input;select;button;modal;progress-indicator;data-table;tabs;tooltip;accordion,form;dashboard,home-buyers;mortgage-brokers;financial-advisors,medium,playful-animations;neon-colors;dark-themes;casual-typography
159,CRM Dashboard,saas,crm,minimal-saas,Clean Minimal,professional-blue,clean-functional,data-table;tabs;badge;avatar;toast;modal;input;select;pagination;side-navigation;dropdown;date-picker;progress-indicator;drawer;combobox;segmented-control;skeleton,dashboard;form;settings-page,sales-teams;account-managers;customer-success,high,playful-animations;large-hero-sections;casual-styling;experimental-layouts
160,Email Marketing Platform,saas,email,minimal-saas,Clean Minimal,friendly-blue,clean-readable,data-table;tabs;badge;toast;modal;input;progress-indicator;pagination;side-navigation;dropdown;feature-card;code-block;drawer;segmented-control;skeleton,dashboard;form;settings-page,email-marketers;marketing-teams;small-businesses,medium,dark-themes;aggressive-gradients;complex-navigation;serif-fonts
161,Project Management Tool,saas,project-management,minimal-saas,Clean Minimal,organized-blue,clean-functional,data-table;tabs;badge;avatar;toast;modal;input;date-picker;breadcrumb;side-navigation;dropdown;progress-indicator;toggle;drawer;segmented-control;toolbar;skeleton,dashboard;form;settings-page,project-managers;teams;stakeholders,high,playful-animations;experimental-layouts;aggressive-colors;dark-themes
162,Customer Support Portal,saas,support,minimal-saas,Clean Minimal,friendly-professional,clean-readable,data-table;tabs;badge;avatar;toast;modal;input;select;pagination;side-navigation;dropdown;accordion;drawer;stepper;segmented-control;otp-input;skeleton,dashboard;form;settings-page;authentication,support-agents;customers;support-managers,high,dark-themes;aggressive-colors;experimental-layouts;casual-typography
163,Knowledge Base System,saas,documentation,minimal-corporate,Editorial Minimal,neutral-clear,serif-readable,accordion;breadcrumb;tabs;input;side-navigation;badge;modal;navigation;footer;tooltip;drawer;segmented-control;tree-view,dashboard;form;settings-page,end-users;technical-writers;support-teams,medium,bright-gradients;playful-animations;neon-colors;casual-fonts
164,API Documentation Site,technology,api-docs,ai-futuristic,Dark Futuristic,dark-technical,monospace-clean,code-block;tabs;breadcrumb;side-navigation;badge;accordion;tooltip;input;navigation;button;modal;drawer;popover;segmented-control;tree-view,dashboard;settings-page,developers;api-consumers;technical-architects,medium,playful-illustrations;casual-fonts;bright-gradients;rounded-friendly
165,DevOps Monitoring Dashboard,technology,devops,dashboard,Data Dense,dark-operational,monospace-data,data-table;tabs;badge;toast;alert;progress-indicator;side-navigation;modal;pagination;tooltip;toggle;code-block;drawer;popover;segmented-control;toolbar;skeleton,dashboard;settings-page,devops-engineers;sres;platform-engineers,high,playful-animations;bright-themes;casual-typography;illustration-heavy
166,Carbon Footprint Tracker,sustainability,carbon-tracking,illustration,Illustration Forward,earthy-green,rounded-friendly,button;input;progress-indicator;badge;tabs;toast;modal;feature-card;data-table;toggle;avatar;segmented-control,dashboard;form;settings-page,sustainability-officers;eco-conscious-consumers;environmental-analysts,medium,dark-themes;aggressive-colors;neon-accents;corporate-conservative
167,Sustainable Supply Chain Portal,sustainability,supply-chain,illustration,Nature Inspired,organic-warm,warm-accessible,data-table;tabs;badge;pagination;side-navigation;breadcrumb;alert;toast;modal;input;select;date-picker;drawer;segmented-control,dashboard;form;settings-page,supply-chain-managers;sustainability-directors;procurement-teams,high,neon-colors;dark-themes;aggressive-animations;brutalist-design
168,Property Listing Platform,proptech,listings,minimal-corporate,Editorial Minimal,warm-professional,clear-readable,feature-card;pagination;breadcrumb;input;select;modal;badge;tabs;hero;button;navigation;footer;data-table;segmented-control,homepage;form;dashboard;settings-page,home-buyers;real-estate-agents;property-investors,medium,neon-colors;dark-themes;playful-animations;brutalist-design
169,Smart Building Management,proptech,smart-building,minimal-corporate,Corporate Modern,professional-subtle,clean-functional,data-table;tabs;badge;toast;toggle;modal;side-navigation;progress-indicator;alert;input;select;date-picker;drawer;segmented-control,dashboard;form;settings-page,building-managers;facility-operators;property-developers,high,playful-illustrations;bright-gradients;casual-fonts;large-hero-sections
170,Connected Vehicle Dashboard,automotive,connected-car,corporate,Corporate Modern,sturdy-steel,professional-precise,data-table;tabs;badge;progress-indicator;toast;toggle;side-navigation;modal;alert;tooltip;breadcrumb;drawer;segmented-control,dashboard;settings-page,automotive-engineers;fleet-managers;vehicle-operators,high,playful-animations;pastel-colors;casual-typography;illustration-heavy
171,Dealership Inventory System,automotive,inventory,corporate,Corporate Conservative,trustworthy-blue,clear-professional,data-table;pagination;badge;input;select;modal;tabs;breadcrumb;toast;side-navigation;button;alert;drawer;segmented-control,dashboard;form;settings-page,dealership-managers;sales-staff;inventory-clerks,high,neon-colors;dark-themes;playful-animations;experimental-layouts
172,Regulatory Compliance Dashboard,regtech,compliance,corporate,Corporate Conservative,trustworthy-blue,professional-precise,data-table;tabs;badge;alert;toast;modal;pagination;side-navigation;breadcrumb;progress-indicator;input;select;date-picker;drawer;combobox;segmented-control;skeleton,dashboard;form;settings-page,compliance-officers;risk-managers;auditors,high,playful-animations;neon-colors;casual-typography;bright-gradients
173,KYC Verification Platform,regtech,kyc,corporate,Corporate Modern,formal-navy,clear-professional,input;select;button;modal;progress-indicator;badge;toast;alert;file-upload;data-table;tabs;avatar;combobox;alert-dialog;stepper;segmented-control;otp-input;radio,form;dashboard;authentication;settings-page,compliance-analysts;risk-officers;onboarding-teams,high,playful-illustrations;bright-colors;casual-fonts;large-hero-sections
174,Contract Management Platform,legaltech,contracts,minimal-corporate,Editorial Minimal,warm-professional,serif-readable,data-table;tabs;breadcrumb;accordion;badge;modal;input;select;date-picker;pagination;side-navigation;toast;button;file-upload;drawer;combobox;segmented-control,dashboard;form;settings-page,lawyers;paralegals;contract-managers,high,neon-colors;dark-themes;playful-animations;bright-gradients
175,Legal Research Tool,legaltech,research,minimal-corporate,Swiss Design,neutral-clear,serif-readable,input;accordion;tabs;breadcrumb;badge;pagination;side-navigation;modal;data-table;tooltip;code-block;drawer;combobox;segmented-control;tree-view,dashboard;form;settings-page,attorneys;legal-researchers;law-students,high,playful-illustrations;bright-colors;casual-fonts;experimental-layouts
176,Crop Monitoring Dashboard,agritech,crop-monitoring,illustration,Nature Inspired,organic-warm,rounded-friendly,data-table;tabs;badge;progress-indicator;toast;modal;side-navigation;date-picker;select;toggle;alert;tooltip;drawer;segmented-control,dashboard;settings-page,farmers;agronomists;farm-managers,medium,dark-themes;neon-colors;aggressive-animations;corporate-heavy
177,Farm Marketplace,agritech,marketplace,illustration,Illustration Forward,earthy-green,warm-accessible,button;hero;feature-card;navigation;footer;input;select;badge;pagination;modal;toast;avatar;breadcrumb;stepper;otp-input,homepage;form;dashboard;authentication,farmers;buyers;agricultural-distributors,medium,dark-themes;brutalist-design;neon-colors;aggressive-colors
178,Government Services Portal,govtech,citizen-services,corporate,Corporate Conservative,trustworthy-blue,clear-professional,button;input;select;accordion;breadcrumb;alert;toast;modal;progress-indicator;tabs;badge;navigation;footer;side-navigation;drawer;combobox;stepper;segmented-control;otp-input,homepage;form;authentication;dashboard;settings-page,citizens;government-employees;administrators,medium,neon-colors;dark-themes;playful-animations;experimental-layouts;casual-typography
179,Public Records System,govtech,records,corporate,Legal Document,formal-navy,professional-precise,data-table;pagination;input;select;breadcrumb;badge;tabs;modal;side-navigation;toast;date-picker;accordion;alert;file-upload;drawer;segmented-control;tree-view,dashboard;form;settings-page,government-clerks;public-records-officers;citizens,high,playful-animations;bright-colors;casual-fonts;illustration-heavy
180,Renewable Energy Dashboard,cleantech,energy-monitoring,ai-futuristic,Dark Futuristic,neon-dark,technical-sharp,data-table;tabs;badge;progress-indicator;toast;toggle;side-navigation;modal;alert;tooltip;date-picker;pagination;drawer;segmented-control,dashboard;settings-page,energy-engineers;sustainability-managers;grid-operators,high,pastel-colors;playful-illustrations;casual-typography;rounded-friendly
181,Carbon Credit Marketplace,cleantech,carbon-trading,ai-futuristic,Dark Futuristic,neon-dark,dramatic-modern,button;hero;feature-card;data-table;badge;tabs;modal;toast;pagination;input;select;navigation;footer;stepper;otp-input,homepage;dashboard;form;authentication,carbon-traders;sustainability-officers;environmental-investors,medium,pastel-colors;playful-animations;casual-fonts;illustration-heavy
182,Insurance Claims Dashboard,insurtech,claims,corporate,Corporate Conservative,trustworthy-blue,professional-precise,data-table;tabs;badge;alert;toast;modal;pagination;side-navigation;breadcrumb;progress-indicator;input;select;date-picker;file-upload;drawer;combobox;alert-dialog;stepper;segmented-control;skeleton,dashboard;form;settings-page,claims-adjusters;insurance-agents;policyholders,high,neon-colors;playful-animations;dark-themes;casual-typography
183,Policy Comparison Platform,insurtech,comparison,corporate,Corporate Modern,formal-navy,clear-professional,feature-card;pricing-table;tabs;accordion;badge;button;modal;input;select;breadcrumb;navigation;footer;tooltip,homepage;form;pricing-page,insurance-shoppers;brokers;underwriters,medium,neon-colors;dark-themes;playful-illustrations;experimental-layouts
184,Athlete Performance Platform,sporttech,performance,bold-lifestyle,Brutalist Bold,dynamic-red,bold-condensed,data-table;tabs;badge;progress-indicator;avatar;toast;modal;side-navigation;date-picker;toggle;tooltip;pagination;drawer;segmented-control;skeleton,dashboard;settings-page,athletes;coaches;sports-analysts;team-managers,high,pastel-colors;corporate-conservative;serif-fonts;muted-tones
185,Sports Fan Engagement App,sporttech,fan-engagement,bold-lifestyle,Maximalism,vibrant-energetic,bold-modern,button;hero;feature-card;avatar;badge;tabs;modal;toast;navigation;footer;social-proof;testimonial;dropdown;stepper;segmented-control;otp-input,homepage;dashboard;authentication;settings-page,sports-fans;team-marketers;broadcasters,medium,corporate-conservative;muted-colors;serif-fonts;minimal-design
186,Fashion Design Studio,fashiontech,design-tools,apple-minimal,Apple Refined,refined-neutral,elegant-minimal,button;feature-card;modal;tabs;input;select;badge;avatar;toast;navigation;footer;breadcrumb;file-upload;dropdown;carousel;segmented-control;toolbar,dashboard;form;settings-page,fashion-designers;stylists;brand-managers,medium,brutalist-design;neon-colors;data-dense;playful-elements
187,Virtual Try-On Platform,fashiontech,virtual-tryon,apple-minimal,Apple Refined,muted-premium,elegant-refined,button;hero;feature-card;modal;avatar;badge;navigation;footer;input;select;toast;progress-indicator;stepper;otp-input,homepage;form;authentication,fashion-consumers;retailers;e-stylists,medium,data-dense;corporate-heavy;aggressive-colors;dark-themes
188,Recipe Discovery Platform,foodtech,recipes,bold-lifestyle,Brutalist Bold,warm-appetizing,bold-readable,button;hero;feature-card;input;badge;tabs;modal;avatar;pagination;navigation;footer;social-proof;breadcrumb;stepper;otp-input,homepage;form;dashboard;authentication,home-cooks;food-enthusiasts;recipe-creators,medium,corporate-conservative;dark-themes;muted-colors;data-dense
189,Restaurant Tech Dashboard,foodtech,restaurant-ops,bold-lifestyle,Neo-Brutalism,vibrant-energetic,bold-condensed,data-table;tabs;badge;toast;modal;side-navigation;input;select;date-picker;pagination;alert;toggle;progress-indicator;drawer;segmented-control;skeleton,dashboard;form;settings-page,restaurant-owners;kitchen-managers;delivery-coordinators,high,corporate-conservative;muted-tones;serif-fonts;minimal-design
190,Music Streaming Dashboard,musictech,streaming,gradient-startup,Gradient Bold,vibrant-energetic,bold-modern,button;tabs;badge;avatar;toast;modal;progress-indicator;navigation;side-navigation;input;dropdown;pagination;feature-card;drawer;stepper;segmented-control;otp-input,dashboard;settings-page;authentication,music-listeners;artists;playlist-curators,medium,corporate-conservative;serif-fonts;muted-colors;data-dense
191,Music Production Platform,musictech,production,gradient-startup,Gradient Mesh,creative-bold,dramatic-modern,button;tabs;modal;input;select;toggle;badge;toast;progress-indicator;side-navigation;code-block;file-upload;dropdown;drawer;segmented-control;toolbar,dashboard;form;settings-page,musicians;producers;sound-engineers,high,corporate-conservative;muted-tones;serif-fonts;minimal-design
192,Pet Health Tracker,pettech,health,illustration,Friendly Illustrated,warm-playful,rounded-friendly,button;input;avatar;badge;tabs;toast;modal;progress-indicator;date-picker;toggle;accordion;select;alert;stepper;segmented-control;otp-input,dashboard;form;settings-page;authentication,pet-owners;veterinarians;pet-sitters,medium,dark-themes;aggressive-colors;corporate-conservative;angular-designs
193,Pet Services Marketplace,pettech,marketplace,illustration,Illustration Forward,earthy-warm,warm-accessible,button;hero;feature-card;avatar;badge;input;select;modal;toast;pagination;navigation;footer;breadcrumb;testimonial;stepper;otp-input,homepage;form;dashboard;authentication,pet-owners;pet-service-providers;groomers,low,dark-themes;brutalist-design;neon-colors;corporate-heavy
194,Satellite Operations Center,spacetech,satellite-ops,ai-futuristic,Dark Futuristic,neon-dark,technical-sharp,data-table;tabs;badge;alert;toast;modal;side-navigation;progress-indicator;tooltip;toggle;date-picker;pagination;code-block;drawer;segmented-control,dashboard;settings-page,satellite-operators;mission-controllers;aerospace-engineers,high,pastel-colors;playful-illustrations;casual-typography;rounded-friendly
195,Space Mission Planning Platform,spacetech,mission-planning,ai-futuristic,Dark Futuristic,neon-dark,monospace-technical,data-table;tabs;badge;progress-indicator;date-picker;modal;input;select;side-navigation;toast;alert;breadcrumb;tooltip;code-block;drawer;segmented-control,dashboard;form;settings-page,mission-planners;aerospace-engineers;space-agencies,high,pastel-colors;playful-animations;casual-fonts;illustration-heavy
